Rank,Highest,,Lowest,
1,17.2,2026,10.1,1972
2,16.9,2024,11.4,1960
3,16.5,2012,11.4,1971
4,16.1,2015,11.6,1992
5,15.5,1966,11.8,1980
6,15.5,1989,12.0,1961
7,15.4,1955,12.0,1967
8,15.4,1983,12.2,1976
9,15.4,2007,12.2,1985
10,15.4,2010,12.3,1962
11,15.4,2020,12.4,2009
12,15.4,2022,12.5,1973
13,15.3,1957,12.6,1968
14,15.3,2001,12.7,1956
15,15.2,1987,12.7,2023
16,15.2,2016,12.9,1958
17,15.1,2005,12.9,2014
18,15.0,1954,13.0,1959
19,15.0,1997,13.0,1988
20,14.9,1964,13.1,1965
21,14.9,2002,13.1,1977
22,-,-,13.1,1978